 ,age,sex,bmi,bp,s1,s2,s3,s4,s5,s6
0,0.0380759064334241,0.0506801187398187,0.0616962065186885,0.0218723549949558,-0.0442234984244464,-0.0348207628376986,-0.0434008456520269,-0.00259226199818282,0.0199084208763183,-0.0176461251598052
1,-0.00188201652779104,-0.044641636506989,-0.0514740612388061,-0.0263278347173518,-0.00844872411121698,-0.019163339748222,0.0744115640787594,-0.0394933828740919,-0.0683297436244215,-0.09220404962683
2,0.0852989062966783,0.0506801187398187,0.0444512133365941,-0.00567061055493425,-0.0455994512826475,-0.0341944659141195,-0.0323559322397657,-0.00259226199818282,0.00286377051894013,-0.0259303389894746
3,-0.0890629393522603,-0.044641636506989,-0.0115950145052127,-0.0366564467985606,0.0121905687618,0.0249905933641021,-0.0360375700438527,0.0343088588777263,0.0226920225667445,-0.0093619113301358
4,0.00538306037424807,-0.044641636506989,-0.0363846922044735,0.0218723549949558,0.00393485161259318,0.0155961395104161,0.0081420836051921,-0.00259226199818282,-0.0319914449413559,-0.0466408735636482
